degree,k,method,ok_pct,f_mean,f_p90,f_p99,t_mean_ms,t_std_ms,t_p50_ms,t_p90_ms,t_p99_ms,source_log
15,5,baseline,85.06,4.434e-11,8.615e-11,9.864e-11,3.79,2.965,3.206,4.383,19.35,eval_k_sweep_deg15.log
15,5,anchored,82.62,6.093e-12,1.953e-11,8.7e-11,3.982,3.682,2.8,6.59,20.178,eval_k_sweep_deg15.log
15,5,ann,82.16,6.344e-12,2.189e-11,8.493e-11,3.689,3.606,2.475,6.398,20.026,eval_k_sweep_deg15.log
15,5,lstm,76.96,8.18e-12,3.19e-11,9.032e-11,4.868,4.05,3.745,7.417,22.067,eval_k_sweep_deg15.log
15,5,anchored_fb,85.11,7.208e-12,2.595e-11,8.865e-11,4.089,3.871,2.8,7.18,20.886,eval_k_sweep_deg15.log
15,10,baseline,85.06,4.434e-11,8.615e-11,9.864e-11,3.79,2.965,3.206,4.383,19.35,eval_k_sweep_deg15.log
15,10,anchored,85.07,6.293e-12,2.084e-11,8.791e-11,4.899,4.117,3.499,8.56,22.192,eval_k_sweep_deg15.log
15,10,ann,84.98,6.394e-12,2.183e-11,8.63e-11,4.666,4.255,3.196,8.369,22.23,eval_k_sweep_deg15.log
15,10,lstm,84.89,7.941e-12,3.12e-11,9.03e-11,5.424,4.387,4.146,8.849,23.935,eval_k_sweep_deg15.log
15,10,anchored_fb,85.17,6.338e-12,2.112e-11,8.805e-11,4.906,4.142,3.499,8.563,22.206,eval_k_sweep_deg15.log
15,15,baseline,85.06,4.434e-11,8.615e-11,9.864e-11,3.79,2.965,3.206,4.383,19.35,eval_k_sweep_deg15.log
15,15,anchored,85.08,6.137e-12,1.997e-11,8.722e-11,5.964,4.696,4.226,11.932,25.285,eval_k_sweep_deg15.log
15,15,ann,84.98,6.33e-12,2.128e-11,8.696e-11,5.846,4.925,3.964,11.997,26.574,eval_k_sweep_deg15.log
15,15,lstm,84.93,7.091e-12,2.672e-11,8.848e-11,6.707,4.998,5.084,12.313,26.892,eval_k_sweep_deg15.log
15,15,anchored_fb,85.17,6.177e-12,2.037e-11,8.73e-11,5.971,4.733,4.226,11.947,25.285,eval_k_sweep_deg15.log
15,20,baseline,85.06,4.434e-11,8.615e-11,9.864e-11,3.79,2.965,3.206,4.383,19.35,eval_k_sweep_deg15.log
15,20,anchored,85.1,6.167e-12,1.975e-11,8.584e-11,7.544,5.979,5.303,15.743,30.999,eval_k_sweep_deg15.log
15,20,ann,84.98,6.328e-12,2.16e-11,8.591e-11,7.295,5.931,4.9,15.754,31.227,eval_k_sweep_deg15.log
15,20,lstm,84.93,7.407e-12,2.833e-11,8.848e-11,8.512,5.913,6.717,16.233,30.627,eval_k_sweep_deg15.log
15,20,anchored_fb,85.17,6.201e-12,1.983e-11,8.601e-11,7.55,6.0,5.303,15.743,31.009,eval_k_sweep_deg15.log
15,25,baseline,85.06,4.434e-11,8.615e-11,9.864e-11,3.79,2.965,3.206,4.383,19.35,eval_k_sweep_deg15.log
15,25,anchored,85.13,6.025e-12,1.897e-11,8.573e-11,8.981,6.979,6.23,19.303,35.701,eval_k_sweep_deg15.log
15,25,ann,85.0,6.126e-12,2.017e-11,8.589e-11,8.811,7.063,5.802,19.399,35.53,eval_k_sweep_deg15.log
15,25,lstm,85.03,6.745e-12,2.365e-11,8.705e-11,9.735,6.849,7.404,19.725,35.126,eval_k_sweep_deg15.log
15,25,anchored_fb,85.17,6.042e-12,1.92e-11,8.573e-11,8.986,6.994,6.23,19.31,35.806,eval_k_sweep_deg15.log
15,30,baseline,85.06,4.434e-11,8.615e-11,9.864e-11,3.79,2.965,3.206,4.383,19.35,eval_k_sweep_deg15.log
15,30,anchored,84.94,6.011e-12,1.88e-11,8.569e-11,10.429,7.187,7.549,20.989,37.34,eval_k_sweep_deg15.log
15,30,ann,84.75,6.095e-12,2.009e-11,8.547e-11,10.195,7.18,7.222,20.918,36.621,eval_k_sweep_deg15.log
15,30,lstm,84.79,6.502e-12,2.208e-11,8.667e-11,11.405,7.303,8.695,21.789,38.506,eval_k_sweep_deg15.log
15,30,anchored_fb,85.13,6.115e-12,1.954e-11,8.587e-11,10.44,7.219,7.549,21.005,37.759,eval_k_sweep_deg15.log
20,5,baseline,85.06,4.434e-11,8.615e-11,9.864e-11,3.065,0.869,3.12,3.893,4.907,eval_k_sweep_deg20.log
20,5,anchored,78.88,7.867e-12,2.978e-11,9.167e-11,3.526,2.141,2.862,6.042,8.695,eval_k_sweep_deg20.log
20,5,ann,77.41,7.276e-12,2.599e-11,9.097e-11,3.499,2.18,2.764,5.905,8.276,eval_k_sweep_deg20.log
20,5,lstm,84.63,6.027e-12,1.93e-11,8.627e-11,3.206,1.877,2.643,5.802,8.632,eval_k_sweep_deg20.log
20,5,anchored_fb,85.11,1.054e-11,4.401e-11,9.408e-11,3.732,2.492,2.862,6.934,10.363,eval_k_sweep_deg20.log
20,10,baseline,85.06,4.434e-11,8.615e-11,9.864e-11,3.065,0.869,3.12,3.893,4.907,eval_k_sweep_deg20.log
20,10,anchored,83.96,7.316e-12,2.667e-11,8.986e-11,4.399,2.583,3.558,7.663,14.414,eval_k_sweep_deg20.log
20,10,ann,84.65,7.037e-12,2.479e-11,8.821e-11,4.161,2.44,3.324,7.345,14.05,eval_k_sweep_deg20.log
20,10,lstm,85.12,5.918e-12,1.849e-11,8.586e-11,4.262,2.613,3.371,7.774,14.898,eval_k_sweep_deg20.log
20,10,anchored_fb,85.15,7.841e-12,3.031e-11,9.062e-11,4.438,2.659,3.558,7.776,14.446,eval_k_sweep_deg20.log
20,15,baseline,85.06,4.434e-11,8.615e-11,9.864e-11,3.065,0.869,3.12,3.893,4.907,eval_k_sweep_deg20.log
20,15,anchored,84.25,6.705e-12,2.388e-11,8.705e-11,5.328,2.995,4.384,8.999,14.837,eval_k_sweep_deg20.log
20,15,ann,84.82,6.496e-12,2.106e-11,8.705e-11,4.872,2.812,4.017,8.547,13.821,eval_k_sweep_deg20.log
20,15,lstm,85.12,5.968e-12,1.847e-11,8.655e-11,5.153,3.014,4.058,9.059,14.915,eval_k_sweep_deg20.log
20,15,anchored_fb,85.15,7.102e-12,2.598e-11,8.806e-11,5.357,3.049,4.384,9.12,15.025,eval_k_sweep_deg20.log
20,20,baseline,85.06,4.434e-11,8.615e-11,9.864e-11,3.065,0.869,3.12,3.893,4.907,eval_k_sweep_deg20.log
20,20,anchored,84.32,6.886e-12,2.483e-11,8.705e-11,6.674,3.191,5.321,11.318,15.685,eval_k_sweep_deg20.log
20,20,ann,84.82,6.456e-12,2.101e-11,8.643e-11,6.016,3.109,4.744,10.392,14.726,eval_k_sweep_deg20.log
20,20,lstm,85.12,5.914e-12,1.847e-11,8.584e-11,6.277,3.362,4.543,11.6,15.637,eval_k_sweep_deg20.log
20,20,anchored_fb,85.15,7.259e-12,2.668e-11,8.785e-11,6.701,3.246,5.321,11.417,15.873,eval_k_sweep_deg20.log
20,25,baseline,85.06,4.434e-11,8.615e-11,9.864e-11,3.065,0.869,3.12,3.893,4.907,eval_k_sweep_deg20.log
20,25,anchored,84.71,6.31e-12,2.211e-11,8.6e-11,10.165,5.037,8.868,17.832,23.601,eval_k_sweep_deg20.log
20,25,ann,85.07,5.987e-12,1.897e-11,8.544e-11,8.458,4.236,6.923,14.879,20.146,eval_k_sweep_deg20.log
20,25,lstm,85.14,5.956e-12,1.866e-11,8.535e-11,8.941,4.46,7.195,15.793,21.371,eval_k_sweep_deg20.log
20,25,anchored_fb,85.15,6.519e-12,2.309e-11,8.63e-11,10.179,5.059,8.868,17.892,23.679,eval_k_sweep_deg20.log
20,30,baseline,85.06,4.434e-11,8.615e-11,9.864e-11,3.065,0.869,3.12,3.893,4.907,eval_k_sweep_deg20.log
20,30,anchored,84.39,6.344e-12,2.128e-11,8.579e-11,11.512,4.987,10.281,18.45,26.024,eval_k_sweep_deg20.log
20,30,ann,84.94,6.116e-12,1.902e-11,8.613e-11,9.608,4.151,8.34,16.164,21.255,eval_k_sweep_deg20.log
20,30,lstm,85.11,5.975e-12,1.915e-11,8.463e-11,10.3,4.52,8.943,17.212,22.75,eval_k_sweep_deg20.log
20,30,anchored_fb,85.12,6.682e-12,2.295e-11,8.605e-11,11.536,5.023,10.281,18.631,26.076,eval_k_sweep_deg20.log
25,5,baseline,85.06,4.434e-11,8.615e-11,9.864e-11,2.039,0.355,2.125,2.402,3.219,eval_k_sweep_deg25.log
25,5,anchored,82.26,8.058e-12,3.138e-11,9.127e-11,2.877,1.461,2.382,4.609,6.143,eval_k_sweep_deg25.log
25,5,ann,82.18,6.198e-12,2.009e-11,8.883e-11,2.502,1.215,2.038,4.118,5.853,eval_k_sweep_deg25.log
25,5,lstm,83.08,5.662e-12,1.632e-11,8.748e-11,2.589,1.099,2.16,4.153,6.009,eval_k_sweep_deg25.log
25,5,anchored_fb,85.1,9.254e-12,3.934e-11,9.247e-11,2.941,1.563,2.382,4.793,6.904,eval_k_sweep_deg25.log
25,10,baseline,85.06,4.434e-11,8.615e-11,9.864e-11,2.039,0.355,2.125,2.402,3.219,eval_k_sweep_deg25.log
25,10,anchored,84.91,7.188e-12,2.539e-11,8.894e-11,3.47,1.966,2.892,5.695,10.309,eval_k_sweep_deg25.log
25,10,ann,84.98,6.126e-12,1.992e-11,8.688e-11,3.202,1.725,2.53,5.436,10.291,eval_k_sweep_deg25.log
25,10,lstm,85.07,5.835e-12,1.682e-11,8.748e-11,3.334,1.734,2.608,5.429,10.542,eval_k_sweep_deg25.log
25,10,anchored_fb,85.14,7.293e-12,2.6e-11,8.9e-11,3.475,1.974,2.892,5.709,10.309,eval_k_sweep_deg25.log
25,15,baseline,85.06,4.434e-11,8.615e-11,9.864e-11,2.039,0.355,2.125,2.402,3.219,eval_k_sweep_deg25.log
25,15,anchored,85.01,6.807e-12,2.44e-11,8.562e-11,5.028,2.28,4.255,8.444,13.173,eval_k_sweep_deg25.log
25,15,ann,84.99,6.262e-12,2.068e-11,8.664e-11,4.671,2.398,3.53,8.387,12.798,eval_k_sweep_deg25.log
25,15,lstm,85.11,5.886e-12,1.761e-11,8.665e-11,4.885,2.417,3.639,8.419,13.36,eval_k_sweep_deg25.log
25,15,anchored_fb,85.15,6.867e-12,2.487e-11,8.602e-11,5.031,2.286,4.255,8.451,13.176,eval_k_sweep_deg25.log
25,20,baseline,85.06,4.434e-11,8.615e-11,9.864e-11,2.039,0.355,2.125,2.402,3.219,eval_k_sweep_deg25.log
25,20,anchored,85.03,6.566e-12,2.317e-11,8.561e-11,5.315,2.756,4.382,10.295,13.174,eval_k_sweep_deg25.log
25,20,ann,84.99,6.185e-12,2.026e-11,8.68e-11,5.085,2.815,3.796,10.155,13.226,eval_k_sweep_deg25.log
25,20,lstm,85.11,5.838e-12,1.748e-11,8.642e-11,5.298,2.759,3.778,10.061,13.86,eval_k_sweep_deg25.log
25,20,anchored_fb,85.15,6.619e-12,2.351e-11,8.562e-11,5.317,2.761,4.382,10.326,13.232,eval_k_sweep_deg25.log
25,25,baseline,85.06,4.434e-11,8.615e-11,9.864e-11,2.039,0.355,2.125,2.402,3.219,eval_k_sweep_deg25.log
25,25,anchored,85.08,6.06e-12,2.041e-11,8.452e-11,6.323,3.406,4.911,12.726,15.306,eval_k_sweep_deg25.log
25,25,ann,85.0,6.194e-12,2.04e-11,8.618e-11,6.113,3.408,4.32,12.739,15.292,eval_k_sweep_deg25.log
25,25,lstm,85.13,5.826e-12,1.794e-11,8.642e-11,6.471,3.44,4.564,12.688,15.873,eval_k_sweep_deg25.log
25,25,anchored_fb,85.15,6.091e-12,2.062e-11,8.452e-11,6.324,3.41,4.911,12.735,15.327,eval_k_sweep_deg25.log
25,30,baseline,85.06,4.434e-11,8.615e-11,9.864e-11,2.039,0.355,2.125,2.402,3.219,eval_k_sweep_deg25.log
25,30,anchored,84.96,6.106e-12,2.057e-11,8.453e-11,7.535,3.508,6.038,14.074,16.574,eval_k_sweep_deg25.log
25,30,ann,84.79,6.398e-12,2.1e-11,8.687e-11,7.306,3.435,5.645,14.489,16.568,eval_k_sweep_deg25.log
25,30,lstm,85.03,5.754e-12,1.775e-11,8.574e-11,7.797,3.497,6.064,14.39,17.373,eval_k_sweep_deg25.log
25,30,anchored_fb,85.12,6.177e-12,2.084e-11,8.455e-11,7.538,3.513,6.038,14.083,16.588,eval_k_sweep_deg25.log
30,5,baseline,85.06,4.434e-11,8.615e-11,9.864e-11,2.248,0.516,2.188,2.966,3.808,eval_k_sweep_deg30.log
30,5,anchored,81.19,6.493e-12,2.281e-11,8.547e-11,3.332,1.883,2.912,5.016,7.258,eval_k_sweep_deg30.log
30,5,ann,77.57,7.733e-12,2.963e-11,8.79e-11,3.296,1.38,2.956,4.988,6.867,eval_k_sweep_deg30.log
30,5,lstm,83.64,5.325e-12,1.583e-11,8.331e-11,3.03,1.585,2.574,4.759,7.082,eval_k_sweep_deg30.log
30,5,anchored_fb,85.11,8.218e-12,3.286e-11,8.964e-11,3.426,2.018,2.912,5.39,8.366,eval_k_sweep_deg30.log
30,10,baseline,85.06,4.434e-11,8.615e-11,9.864e-11,2.248,0.516,2.188,2.966,3.808,eval_k_sweep_deg30.log
30,10,anchored,84.27,6.531e-12,2.281e-11,8.595e-11,4.204,1.922,3.592,6.372,11.774,eval_k_sweep_deg30.log
30,10,ann,84.98,6.906e-12,2.48e-11,8.741e-11,3.914,1.95,3.437,5.954,11.106,eval_k_sweep_deg30.log
30,10,lstm,85.09,5.592e-12,1.676e-11,8.442e-11,3.951,2.086,3.15,6.169,11.569,eval_k_sweep_deg30.log
30,10,anchored_fb,85.15,6.935e-12,2.525e-11,8.752e-11,4.224,1.945,3.594,6.443,11.774,eval_k_sweep_deg30.log
30,15,baseline,85.06,4.434e-11,8.615e-11,9.864e-11,2.248,0.516,2.188,2.966,3.808,eval_k_sweep_deg30.log
30,15,anchored,84.34,6.368e-12,2.163e-11,8.667e-11,6.148,2.72,5.07,9.758,15.287,eval_k_sweep_deg30.log
30,15,ann,85.04,6.686e-12,2.359e-11,8.847e-11,5.553,2.522,4.683,8.901,14.206,eval_k_sweep_deg30.log
30,15,lstm,85.11,5.802e-12,1.798e-11,8.358e-11,5.733,2.883,4.438,9.454,14.952,eval_k_sweep_deg30.log
30,15,anchored_fb,85.15,6.741e-12,2.414e-11,8.834e-11,6.167,2.743,5.07,9.827,15.287,eval_k_sweep_deg30.log
30,20,baseline,85.06,4.434e-11,8.615e-11,9.864e-11,2.248,0.516,2.188,2.966,3.808,eval_k_sweep_deg30.log
30,20,anchored,84.38,6.286e-12,2.111e-11,8.662e-11,10.68,4.617,9.033,17.072,24.784,eval_k_sweep_deg30.log
30,20,ann,85.04,6.516e-12,2.243e-11,8.846e-11,8.87,3.796,7.409,14.029,20.636,eval_k_sweep_deg30.log
30,20,lstm,85.11,5.814e-12,1.792e-11,8.457e-11,9.103,3.986,7.304,14.611,21.71,eval_k_sweep_deg30.log
30,20,anchored_fb,85.15,6.63e-12,2.324e-11,8.792e-11,10.698,4.632,9.033,17.113,24.784,eval_k_sweep_deg30.log
30,25,baseline,85.06,4.434e-11,8.615e-11,9.864e-11,2.248,0.516,2.188,2.966,3.808,eval_k_sweep_deg30.log
30,25,anchored,84.51,6.558e-12,2.308e-11,8.67e-11,9.153,3.947,7.275,15.356,20.678,eval_k_sweep_deg30.log
30,25,ann,85.1,6.072e-12,1.931e-11,8.707e-11,8.246,3.745,6.442,14.144,18.673,eval_k_sweep_deg30.log
30,25,lstm,85.12,5.949e-12,1.914e-11,8.417e-11,8.592,3.781,6.515,14.831,19.867,eval_k_sweep_deg30.log
30,25,anchored_fb,85.15,6.816e-12,2.455e-11,8.754e-11,9.169,3.967,7.275,15.426,20.7,eval_k_sweep_deg30.log
30,30,baseline,85.06,4.434e-11,8.615e-11,9.864e-11,2.248,0.516,2.188,2.966,3.808,eval_k_sweep_deg30.log
30,30,anchored,84.39,6.467e-12,2.163e-11,8.652e-11,10.19,3.848,8.618,16.815,21.116,eval_k_sweep_deg30.log
30,30,ann,85.0,5.953e-12,1.824e-11,8.579e-11,9.23,3.726,7.543,15.661,19.543,eval_k_sweep_deg30.log
30,30,lstm,85.08,5.802e-12,1.815e-11,8.441e-11,9.837,3.782,8.088,16.663,20.784,eval_k_sweep_deg30.log
30,30,anchored_fb,85.12,6.774e-12,2.331e-11,8.754e-11,10.207,3.873,8.618,16.863,21.123,eval_k_sweep_deg30.log
35,5,baseline,85.06,4.434e-11,8.615e-11,9.864e-11,2.032,0.354,2.107,2.391,3.137,eval_k_sweep_deg35.log
35,5,anchored,82.31,5.901e-12,1.792e-11,8.651e-11,3.289,1.562,2.859,4.855,7.054,eval_k_sweep_deg35.log
35,5,ann,82.17,5.957e-12,1.907e-11,8.606e-11,2.988,1.374,2.513,4.612,6.654,eval_k_sweep_deg35.log
35,5,lstm,84.55,5.593e-12,1.677e-11,8.606e-11,3.11,1.287,2.672,4.909,6.951,eval_k_sweep_deg35.log
35,5,anchored_fb,85.11,7.173e-12,2.516e-11,8.949e-11,3.35,1.651,2.859,5.095,7.358,eval_k_sweep_deg35.log
35,10,baseline,85.06,4.434e-11,8.615e-11,9.864e-11,2.032,0.354,2.107,2.391,3.137,eval_k_sweep_deg35.log
35,10,anchored,85.02,5.967e-12,1.902e-11,8.578e-11,4.568,2.09,3.831,6.869,12.81,eval_k_sweep_deg35.log
35,10,ann,85.03,6.193e-12,2e-11,8.641e-11,4.147,1.948,3.347,6.425,11.966,eval_k_sweep_deg35.log
35,10,lstm,85.13,5.638e-12,1.66e-11,8.662e-11,4.41,2.1,3.572,6.82,12.877,eval_k_sweep_deg35.log
35,10,anchored_fb,85.16,6.036e-12,1.922e-11,8.594e-11,4.571,2.093,3.832,6.878,12.81,eval_k_sweep_deg35.log
35,15,baseline,85.06,4.434e-11,8.615e-11,9.864e-11,2.032,0.354,2.107,2.391,3.137,eval_k_sweep_deg35.log
35,15,anchored,85.04,5.54e-12,1.7e-11,8.417e-11,8.01,3.526,7.053,12.769,20.328,eval_k_sweep_deg35.log
35,15,ann,85.04,5.886e-12,1.818e-11,8.545e-11,6.859,3.168,5.677,10.81,17.962,eval_k_sweep_deg35.log
35,15,lstm,85.14,5.741e-12,1.689e-11,8.607e-11,7.28,3.086,6.11,11.418,18.643,eval_k_sweep_deg35.log
35,15,anchored_fb,85.16,5.594e-12,1.757e-11,8.447e-11,8.012,3.528,7.054,12.793,20.328,eval_k_sweep_deg35.log
35,20,baseline,85.06,4.434e-11,8.615e-11,9.864e-11,2.032,0.354,2.107,2.391,3.137,eval_k_sweep_deg35.log
35,20,anchored,85.05,5.692e-12,1.801e-11,8.539e-11,9.685,4.348,8.601,15.54,23.047,eval_k_sweep_deg35.log
35,20,ann,85.04,5.867e-12,1.802e-11,8.529e-11,8.427,3.923,7.005,13.58,20.49,eval_k_sweep_deg35.log
35,20,lstm,85.14,5.744e-12,1.721e-11,8.468e-11,8.957,3.916,7.563,14.276,21.333,eval_k_sweep_deg35.log
35,20,anchored_fb,85.16,5.744e-12,1.843e-11,8.546e-11,9.687,4.35,8.602,15.545,23.047,eval_k_sweep_deg35.log
35,25,baseline,85.06,4.434e-11,8.615e-11,9.864e-11,2.032,0.354,2.107,2.391,3.137,eval_k_sweep_deg35.log
35,25,anchored,85.1,5.642e-12,1.716e-11,8.468e-11,8.985,3.86,7.209,15.109,20.819,eval_k_sweep_deg35.log
35,25,ann,85.05,5.649e-12,1.703e-11,8.451e-11,8.506,3.83,6.641,14.983,20.225,eval_k_sweep_deg35.log
35,25,lstm,85.15,5.884e-12,1.792e-11,8.592e-11,9.109,3.98,7.109,16.009,21.411,eval_k_sweep_deg35.log
35,25,anchored_fb,85.16,5.663e-12,1.73e-11,8.464e-11,8.987,3.862,7.209,15.109,20.819,eval_k_sweep_deg35.log
35,30,baseline,85.06,4.434e-11,8.615e-11,9.864e-11,2.032,0.354,2.107,2.391,3.137,eval_k_sweep_deg35.log
35,30,anchored,85.02,5.688e-12,1.712e-11,8.476e-11,10.559,4.18,8.935,17.305,22.636,eval_k_sweep_deg35.log
35,30,ann,84.73,5.728e-12,1.769e-11,8.412e-11,10.198,4.186,8.441,17.381,22.038,eval_k_sweep_deg35.log
35,30,lstm,85.12,5.988e-12,1.858e-11,8.715e-11,10.981,4.085,9.211,18.315,23.223,eval_k_sweep_deg35.log
35,30,anchored_fb,85.15,5.758e-12,1.747e-11,8.499e-11,10.562,4.184,8.935,17.31,22.636,eval_k_sweep_deg35.log
